repo_name,repo_owner,git_url,api_base_url,source_type,access_token,lang,commits,defective,done
barcodescanner,dm77,https://github.com/dm77/barcodescanner,http://api.github.com,github_repo,,Java,202,5,0
FastDFS_Client,tobato,https://github.com/tobato/FastDFS_Client,http://api.github.com,github_repo,,Java,75,11,0
jgit,eclipse,https://github.com/eclipse/jgit,http://api.github.com,github_repo,,Java,7746,11,0
Telecine,JakeWharton,https://github.com/JakeWharton/Telecine,http://api.github.com,github_repo,,Java,263,11,0
Bolts-Android,BoltsFramework,https://github.com/BoltsFramework/Bolts-Android,http://api.github.com,github_repo,,Java,197,11,0
jieba-analysis,huaban,https://github.com/huaban/jieba-analysis,http://api.github.com,github_repo,,Java,107,11,0
gcm,google,https://github.com/google/gcm,http://api.github.com,github_repo,,Java,117,11,0
android-app,eoecn,https://github.com/eoecn/android-app,http://api.github.com,github_repo,,Java,132,11,0
android-crop,jdamcd,https://github.com/jdamcd/android-crop,http://api.github.com,github_repo,,Java,212,36,0
quartz,quartz-scheduler,https://github.com/quartz-scheduler/quartz,http://api.github.com,github_repo,,Java,758,36,0
jenkins-gitlab-merge-request-builder-plugin,timols,https://github.com/timols/jenkins-gitlab-merge-request-builder-plugin,http://api.github.com,github_repo,,Java,226,36,0
react-native-background-geolocation,mauron85,https://github.com/mauron85/react-native-background-geolocation,http://api.github.com,github_repo,,Java,341,39,0
ActiveAndroid,pardom-zz,https://github.com/pardom-zz/ActiveAndroid,http://api.github.com,github_repo,,Java,284,44,0
cardslib,gabrielemariotti,https://github.com/gabrielemariotti/cardslib,http://api.github.com,github_repo,,Java,652,50,0
DragonProxy,DragonetMC,https://github.com/DragonetMC/DragonProxy,http://api.github.com,github_repo,,Java,122,55,0
pf4j,pf4j,https://github.com/pf4j/pf4j,http://api.github.com,github_repo,,Java,613,75,0
android-bootstrap,AndroidBootstrap,https://github.com/AndroidBootstrap/android-bootstrap,http://api.github.com,github_repo,,Java,338,75,0
cocos2d,ZhouWeikuan,https://github.com/ZhouWeikuan/cocos2d,http://api.github.com,github_repo,,Java,248,89,0
HdrHistogram,HdrHistogram,https://github.com/HdrHistogram/HdrHistogram,http://api.github.com,github_repo,,Java,725,90,0
json,flori,https://github.com/flori/json,http://api.github.com,github_repo,,Java,788,91,0
xmrwallet,m2049r,https://github.com/m2049r/xmrwallet,http://api.github.com,github_repo,,Java,645,91,0
elasticsearch-jdbc,jprante,https://github.com/jprante/elasticsearch-jdbc,http://api.github.com,github_repo,,Java,452,93,0
Android-DFU-Library,NordicSemiconductor,https://github.com/NordicSemiconductor/Android-DFU-Library,http://api.github.com,github_repo,,Java,400,95,0
yaxim,yaxim-org,https://github.com/yaxim-org/yaxim,http://api.github.com,github_repo,,Java,1502,96,0
javacv,bytedeco,https://github.com/bytedeco/javacv,http://api.github.com,github_repo,,Java,457,96,0
Guns,stylefeng,https://github.com/stylefeng/Guns,http://api.github.com,github_repo,,Java,1109,96,0
deltachat-android,deltachat,https://github.com/deltachat/deltachat-android,http://api.github.com,github_repo,,Java,2148,101,0
sentry-react-native,getsentry,https://github.com/getsentry/sentry-react-native,http://api.github.com,github_repo,,Java,903,103,0
tilesfx,HanSolo,https://github.com/HanSolo/tilesfx,http://api.github.com,github_repo,,Java,733,114,0
ssdb,ideawu,https://github.com/ideawu/ssdb.git,http://api.github.com,github_repo,,C++,1137,115,0
Rosie,Karumi,https://github.com/Karumi/Rosie,http://api.github.com,github_repo,,Java,459,115,0
andOTP,andOTP,https://github.com/andOTP/andOTP,http://api.github.com,github_repo,,Java,914,115,0
gumtree,GumTreeDiff,https://github.com/GumTreeDiff/gumtree,http://api.github.com,github_repo,,Java,661,116,0
flinkStreamSQL,DTStack,https://github.com/DTStack/flinkStreamSQL,http://api.github.com,github_repo,,Java,998,117,0
bitbucket-branch-source-plugin,jenkinsci,https://github.com/jenkinsci/bitbucket-branch-source-plugin,http://api.github.com,github_repo,,Java,621,122,0
eclipse-collections,eclipse,https://github.com/eclipse/eclipse-collections,http://api.github.com,github_repo,,Java,1111,122,0
git-commit-id-maven-plugin,git-commit-id,https://github.com/git-commit-id/git-commit-id-maven-plugin,http://api.github.com,github_repo,,Java,983,128,0
openstack-java-sdk,woorea,https://github.com/woorea/openstack-java-sdk,http://api.github.com,github_repo,,Java,696,128,0
luwak,flaxsearch,https://github.com/flaxsearch/luwak,http://api.github.com,github_repo,,Java,575,128,0
SimianArmy,Netflix,https://github.com/Netflix/SimianArmy,http://api.github.com,github_repo,,Java,800,130,0
intellij,bazelbuild,https://github.com/bazelbuild/intellij,http://api.github.com,github_repo,,Java,902,130,0
wasabi,intuit,https://github.com/intuit/wasabi,http://api.github.com,github_repo,,Java,1084,133,0
governator,Netflix,https://github.com/Netflix/governator,http://api.github.com,github_repo,,Java,1096,156,0
spring-cloud-consul,spring-cloud,https://github.com/spring-cloud/spring-cloud-consul,http://api.github.com,github_repo,,Java,752,157,0
athenz,yahoo,https://github.com/yahoo/athenz,http://api.github.com,github_repo,,Java,1237,164,0
materialistic,hidroh,https://github.com/hidroh/materialistic,http://api.github.com,github_repo,,Java,1731,166,0
SecurityShepherd,OWASP,https://github.com/OWASP/SecurityShepherd,http://api.github.com,github_repo,,Java,757,176,0
influxdb-java,influxdata,https://github.com/influxdata/influxdb-java,http://api.github.com,github_repo,,Java,1040,203,0
spikes,novoda,https://github.com/novoda/spikes,http://api.github.com,github_repo,,Java,2972,205,0
ff4j,ff4j,https://github.com/ff4j/ff4j,http://api.github.com,github_repo,,Java,940,205,0
knowledge,support-project,https://github.com/support-project/knowledge,http://api.github.com,github_repo,,Java,1368,205,0
aurora-imui,jpush,https://github.com/jpush/aurora-imui,http://api.github.com,github_repo,,Java,1197,206,0
ion,koush,https://github.com/koush/ion,http://api.github.com,github_repo,,Java,842,206,0
ChromeLikeTabSwitcher,michael-rapp,https://github.com/michael-rapp/ChromeLikeTabSwitcher,http://api.github.com,github_repo,,Java,1263,206,0
openstack4j,ContainX,https://github.com/ContainX/openstack4j,http://api.github.com,github_repo,,Java,1607,208,0
artifactory-plugin,jenkinsci,https://github.com/jenkinsci/artifactory-plugin,http://api.github.com,github_repo,,Java,1843,209,0
openmrs-module-webservices.rest,openmrs,https://github.com/openmrs/openmrs-module-webservices.rest,http://api.github.com,github_repo,,Java,1512,210,0
java-memcached-client,dustin,https://github.com/dustin/java-memcached-client,http://api.github.com,github_repo,,Java,978,210,0
parboiled,sirthias,https://github.com/sirthias/parboiled,http://api.github.com,github_repo,,Java,729,210,0
open-event-organizer-android,fossasia,https://github.com/fossasia/open-event-organizer-android,http://api.github.com,github_repo,,Java,1049,211,0
ec2-plugin,jenkinsci,https://github.com/jenkinsci/ec2-plugin,http://api.github.com,github_repo,,Java,1103,211,0
jline2,jline,https://github.com/jline/jline2,http://api.github.com,github_repo,,Java,738,212,0
gwt-bootstrap,gwtbootstrap,https://github.com/gwtbootstrap/gwt-bootstrap,http://api.github.com,github_repo,,Java,983,212,0
waffle,Waffle,https://github.com/Waffle/waffle,http://api.github.com,github_repo,,Java,2714,212,0
metadata-extractor,drewnoakes,https://github.com/drewnoakes/metadata-extractor,http://api.github.com,github_repo,,Java,1197,214,0
android-async-http,android-async-http,https://github.com/android-async-http/android-async-http,http://api.github.com,github_repo,,Java,890,214,0
logbook,zalando,https://github.com/zalando/logbook,http://api.github.com,github_repo,,Java,1366,217,0
config,lightbend,https://github.com/lightbend/config,http://api.github.com,github_repo,,Java,994,219,0
jzmq,zeromq,https://github.com/zeromq/jzmq,http://api.github.com,github_repo,,Java,654,221,0
fest-assert-2.x,alexruiz,https://github.com/alexruiz/fest-assert-2.x,http://api.github.com,github_repo,,Java,511,223,0
spring-social-facebook,spring-projects,https://github.com/spring-projects/spring-social-facebook,http://api.github.com,github_repo,,Java,1301,223,0
jediterm,JetBrains,https://github.com/JetBrains/jediterm,http://api.github.com,github_repo,,Java,903,223,0
netty-socketio,mrniko,https://github.com/mrniko/netty-socketio,http://api.github.com,github_repo,,Java,828,224,0
pi4j,Pi4J,https://github.com/Pi4J/pi4j,http://api.github.com,github_repo,,Java,1029,225,0
lcm,lcm-proj,https://github.com/lcm-proj/lcm,http://api.github.com,github_repo,,Java,1166,226,0
jmeter-maven-plugin,jmeter-maven-plugin,https://github.com/jmeter-maven-plugin/jmeter-maven-plugin,http://api.github.com,github_repo,,Java,903,226,0
find-sec-bugs,find-sec-bugs,https://github.com/find-sec-bugs/find-sec-bugs,http://api.github.com,github_repo,,Java,1170,228,0
mongo-hadoop,mongodb,https://github.com/mongodb/mongo-hadoop,http://api.github.com,github_repo,,Java,1179,228,0
jackson-dataformat-xml,FasterXML,https://github.com/FasterXML/jackson-dataformat-xml,http://api.github.com,github_repo,,Java,1140,229,0
ice-demos,zeroc-ice,https://github.com/zeroc-ice/ice-demos,http://api.github.com,github_repo,,Java,1525,231,0
librec,guoguibing,https://github.com/guoguibing/librec,http://api.github.com,github_repo,,Java,1077,231,0
spring-cloud-function,spring-cloud,https://github.com/spring-cloud/spring-cloud-function,http://api.github.com,github_repo,,Java,839,232,0
jsonschema2pojo,joelittlejohn,https://github.com/joelittlejohn/jsonschema2pojo,http://api.github.com,github_repo,,Java,1083,232,0
elasticsearch-sql,NLPchina,https://github.com/NLPchina/elasticsearch-sql,http://api.github.com,github_repo,,Java,904,233,0
multi-model-server,awslabs,https://github.com/awslabs/multi-model-server,http://api.github.com,github_repo,,Java,1161,233,0
mapbox-android-demo,mapbox,https://github.com/mapbox/mapbox-android-demo,http://api.github.com,github_repo,,Java,900,234,0
deeplearning4j,eclipse,https://github.com/eclipse/deeplearning4j,http://api.github.com,github_repo,,Java,701,235,0
WebGoat-Legacy,WebGoat,https://github.com/WebGoat/WebGoat-Legacy,http://api.github.com,github_repo,,Java,878,236,0
cruise-control,linkedin,https://github.com/linkedin/cruise-control,http://api.github.com,github_repo,,Java,553,236,0
allure2,allure-framework,https://github.com/allure-framework/allure2,http://api.github.com,github_repo,,Java,623,237,0
transdroid,erickok,https://github.com/erickok/transdroid,http://api.github.com,github_repo,,Java,663,238,0
mjolnir,mjolnir-io,https://github.com/mjolnir-io/mjolnir.git,http://api.github.com,github_repo,,C,1501,239,0
mamute,caelum,https://github.com/caelum/mamute,http://api.github.com,github_repo,,Java,3661,239,0
libsodium,jedisct1,https://github.com/jedisct1/libsodium.git,http://api.github.com,github_repo,,C,3740,240,0
giraph,apache,https://github.com/apache/giraph,http://api.github.com,github_repo,,Java,1111,241,0
remote-desktop-clients,iiordanov,https://github.com/iiordanov/remote-desktop-clients,http://api.github.com,github_repo,,Java,796,242,0
astyanax,Netflix,https://github.com/Netflix/astyanax,http://api.github.com,github_repo,,Java,1010,242,0
javacpp,bytedeco,https://github.com/bytedeco/javacpp,http://api.github.com,github_repo,,Java,695,243,0
XChart,knowm,https://github.com/knowm/XChart,http://api.github.com,github_repo,,Java,1181,244,0
cucumber,cucumber,https://github.com/cucumber/cucumber,http://api.github.com,github_repo,,Java,3785,245,0
maps,react-native-mapbox-gl,https://github.com/react-native-mapbox-gl/maps,http://api.github.com,github_repo,,Java,1718,245,0
stripe-java,stripe,https://github.com/stripe/stripe-java,http://api.github.com,github_repo,,Java,1786,246,0
HoloEverywhere,Prototik,https://github.com/Prototik/HoloEverywhere,http://api.github.com,github_repo,,Java,798,247,0
RSyntaxTextArea,bobbylight,https://github.com/bobbylight/RSyntaxTextArea,http://api.github.com,github_repo,,Java,713,247,0
malmo,microsoft,https://github.com/microsoft/malmo,http://api.github.com,github_repo,,Java,1768,251,0
GCViewer,chewiebug,https://github.com/chewiebug/GCViewer,http://api.github.com,github_repo,,Java,741,251,0
micropython,micropython,https://github.com/micropython/micropython.git,http://api.github.com,github_repo,,C,10990,253,0
servicecomb-pack,apache,https://github.com/apache/servicecomb-pack,http://api.github.com,github_repo,,Java,1537,253,0
lucida,claritylab,https://github.com/claritylab/lucida,http://api.github.com,github_repo,,Java,2202,253,0
handlebars.java,jknack,https://github.com/jknack/handlebars.java,http://api.github.com,github_repo,,Java,916,254,0
Applozic-Android-SDK,AppLozic,https://github.com/AppLozic/Applozic-Android-SDK,http://api.github.com,github_repo,,Java,1947,255,0
analytics-android,segmentio,https://github.com/segmentio/analytics-android,http://api.github.com,github_repo,,Java,1492,255,0
stringtemplate4,antlr,https://github.com/antlr/stringtemplate4,http://api.github.com,github_repo,,Java,941,256,0
RxNetty,ReactiveX,https://github.com/ReactiveX/RxNetty,http://api.github.com,github_repo,,Java,927,257,0
ghprb-plugin,jenkinsci,https://github.com/jenkinsci/ghprb-plugin,http://api.github.com,github_repo,,Java,1263,258,0
xmemcached,killme2008,https://github.com/killme2008/xmemcached,http://api.github.com,github_repo,,Java,884,262,0
guacamole-client,apache,https://github.com/apache/guacamole-client,http://api.github.com,github_repo,,Java,5350,262,0
KernelAdiutor,Grarak,https://github.com/Grarak/KernelAdiutor,http://api.github.com,github_repo,,Java,1395,262,0
chat-sdk-android,chat-sdk,https://github.com/chat-sdk/chat-sdk-android,http://api.github.com,github_repo,,Java,666,263,0
slf4j,qos-ch,https://github.com/qos-ch/slf4j,http://api.github.com,github_repo,,Java,1669,263,0
Duke,larsga,https://github.com/larsga/Duke,http://api.github.com,github_repo,,Java,637,263,0
EhViewer,seven332,https://github.com/seven332/EhViewer,http://api.github.com,github_repo,,Java,2376,264,0
goclipse,GoClipse,https://github.com/GoClipse/goclipse,http://api.github.com,github_repo,,Java,2925,267,0
Jest,searchbox-io,https://github.com/searchbox-io/Jest,http://api.github.com,github_repo,,Java,1147,268,0
flume,apache,https://github.com/apache/flume,http://api.github.com,github_repo,,Java,1808,268,0
android-testdpc,googlesamples,https://github.com/googlesamples/android-testdpc,http://api.github.com,github_repo,,Java,952,270,0
ranger,apache,https://github.com/apache/ranger,http://api.github.com,github_repo,,Java,3155,271,0
cglib,cglib,https://github.com/cglib/cglib,http://api.github.com,github_repo,,Java,860,271,0
samourai-wallet-android,Samourai-Wallet,https://github.com/Samourai-Wallet/samourai-wallet-android,http://api.github.com,github_repo,,Java,2626,271,0
jbehave-core,jbehave,https://github.com/jbehave/jbehave-core,http://api.github.com,github_repo,,Java,2402,273,0
kite,kite-sdk,https://github.com/kite-sdk/kite,http://api.github.com,github_repo,,Java,2497,274,0
pushy,relayrides,https://github.com/relayrides/pushy,http://api.github.com,github_repo,,Java,1454,274,0
boon,boonproject,https://github.com/boonproject/boon,http://api.github.com,github_repo,,Java,962,274,0
spring-data-solr,spring-projects,https://github.com/spring-projects/spring-data-solr,http://api.github.com,github_repo,,Java,858,276,0
Images-to-PDF,Swati4star,https://github.com/Swati4star/Images-to-PDF,http://api.github.com,github_repo,,Java,598,276,0
javassist,jboss-javassist,https://github.com/jboss-javassist/javassist,http://api.github.com,github_repo,,Java,918,276,0
spock,spockframework,https://github.com/spockframework/spock,http://api.github.com,github_repo,,Java,2589,277,0
PageTurner,NightWhistler,https://github.com/NightWhistler/PageTurner,http://api.github.com,github_repo,,Java,1262,278,0
chatty,chatty,https://github.com/chatty/chatty,http://api.github.com,github_repo,,Java,661,278,0
aima-java,aimacode,https://github.com/aimacode/aima-java,http://api.github.com,github_repo,,Java,1517,279,0
univocity-parsers,uniVocity,https://github.com/uniVocity/univocity-parsers,http://api.github.com,github_repo,,Java,841,279,0
twilio-java,twilio,https://github.com/twilio/twilio-java,http://api.github.com,github_repo,,Java,1860,280,0
openScale,oliexdev,https://github.com/oliexdev/openScale,http://api.github.com,github_repo,,Java,1756,281,0
BlossomsPokemonGoManager,Wolfsblvt,https://github.com/Wolfsblvt/BlossomsPokemonGoManager,http://api.github.com,github_repo,,Java,712,283,0
brotli,google,https://github.com/google/brotli.git,http://api.github.com,github_repo,,C,986,284,0
ninja,ninjaframework,https://github.com/ninjaframework/ninja,http://api.github.com,github_repo,,Java,2093,284,0
interview,mission-peace,https://github.com/mission-peace/interview,http://api.github.com,github_repo,,Java,805,285,0
mosh,keithw,https://github.com/keithw/mosh.git,http://api.github.com,github_repo,,C++,1373,286,0
halo,halo-dev,https://github.com/halo-dev/halo,http://api.github.com,github_repo,,Java,1717,286,0
jbox2d,jbox2d,https://github.com/jbox2d/jbox2d,http://api.github.com,github_repo,,Java,742,287,0
jsprit,graphhopper,https://github.com/graphhopper/jsprit,http://api.github.com,github_repo,,Java,2061,289,0
focus-android,mozilla-mobile,https://github.com/mozilla-mobile/focus-android,http://api.github.com,github_repo,,Java,2590,290,0
spring-cloud-commons,spring-cloud,https://github.com/spring-cloud/spring-cloud-commons,http://api.github.com,github_repo,,Java,1123,291,0
proxygen,facebook,https://github.com/facebook/proxygen.git,http://api.github.com,github_repo,,C++,5419,292,0
spring-hateoas,spring-projects,https://github.com/spring-projects/spring-hateoas,http://api.github.com,github_repo,,Java,744,292,0
flinkx,DTStack,https://github.com/DTStack/flinkx,http://api.github.com,github_repo,,Java,1511,292,0
streamex,amaembo,https://github.com/amaembo/streamex,http://api.github.com,github_repo,,Java,1226,292,0
testcontainers-java,testcontainers,https://github.com/testcontainers/testcontainers-java,http://api.github.com,github_repo,,Java,1766,293,0
ghidra,NationalSecurityAgency,https://github.com/NationalSecurityAgency/ghidra,http://api.github.com,github_repo,,Java,2314,294,0
msgpack-java,msgpack,https://github.com/msgpack/msgpack-java,http://api.github.com,github_repo,,Java,1557,295,0
connectbot,connectbot,https://github.com/connectbot/connectbot,http://api.github.com,github_repo,,Java,1785,297,0
json-schema,everit-org,https://github.com/everit-org/json-schema,http://api.github.com,github_repo,,Java,986,297,0
shadowsocks-csharp,shadowsocks,https://github.com/shadowsocks/shadowsocks-csharp.git,http://api.github.com,github_repo,,C#,1326,298,0
msf4j,wso2,https://github.com/wso2/msf4j,http://api.github.com,github_repo,,Java,2425,298,0
spring-kafka,spring-projects,https://github.com/spring-projects/spring-kafka,http://api.github.com,github_repo,,Java,959,299,0
HiBench,Intel-bigdata,https://github.com/Intel-bigdata/HiBench,http://api.github.com,github_repo,,Java,1482,301,0
selendroid,selendroid,https://github.com/selendroid/selendroid,http://api.github.com,github_repo,,Java,1344,303,0
jenetics,jenetics,https://github.com/jenetics/jenetics,http://api.github.com,github_repo,,Java,10230,303,0
embulk,embulk,https://github.com/embulk/embulk,http://api.github.com,github_repo,,Java,2700,304,0
jbake,jbake-org,https://github.com/jbake-org/jbake,http://api.github.com,github_repo,,Java,931,305,0
gravitee-gateway,gravitee-io,https://github.com/gravitee-io/gravitee-gateway,http://api.github.com,github_repo,,Java,1393,307,0
jcodec,jcodec,https://github.com/jcodec/jcodec,http://api.github.com,github_repo,,Java,825,308,0
spring-social,spring-projects,https://github.com/spring-projects/spring-social,http://api.github.com,github_repo,,Java,1737,308,0
CameraView,natario1,https://github.com/natario1/CameraView,http://api.github.com,github_repo,,Java,575,311,0
cameraview,google,https://github.com/google/cameraview,http://api.github.com,github_repo,,Java,575,311,0
py4j,bartdag,https://github.com/bartdag/py4j,http://api.github.com,github_repo,,Java,736,311,0
schema-registry,confluentinc,https://github.com/confluentinc/schema-registry,http://api.github.com,github_repo,,Java,2457,312,0
download-manager,novoda,https://github.com/novoda/download-manager,http://api.github.com,github_repo,,Java,2825,314,0
glucosio-android,Glucosio,https://github.com/Glucosio/glucosio-android,http://api.github.com,github_repo,,Java,1166,314,0
AppiumTestDistribution,AppiumTestDistribution,https://github.com/AppiumTestDistribution/AppiumTestDistribution,http://api.github.com,github_repo,,Java,682,317,0
incubator-hudi,apache,https://github.com/apache/incubator-hudi,http://api.github.com,github_repo,,Java,805,318,0
SignalR,SignalR,https://github.com/SignalR/SignalR.git,http://api.github.com,github_repo,,C#,4683,319,0
XposedInstaller,rovo89,https://github.com/rovo89/XposedInstaller,http://api.github.com,github_repo,,Java,1048,319,0
spring-cloud-aws,spring-cloud,https://github.com/spring-cloud/spring-cloud-aws,http://api.github.com,github_repo,,Java,1459,320,0
opentasks,dmfs,https://github.com/dmfs/opentasks,http://api.github.com,github_repo,,Java,786,324,0
btrace,btraceio,https://github.com/btraceio/btrace,http://api.github.com,github_repo,,Java,1117,324,0
rtmp-rtsp-stream-client-java,pedroSG94,https://github.com/pedroSG94/rtmp-rtsp-stream-client-java,http://api.github.com,github_repo,,Java,660,325,0
spring-data-rest,spring-projects,https://github.com/spring-projects/spring-data-rest,http://api.github.com,github_repo,,Java,1220,325,0
PokeGOAPI-Java,Grover-c13,https://github.com/Grover-c13/PokeGOAPI-Java,http://api.github.com,github_repo,,Java,785,326,0
github-api,github-api,https://github.com/github-api/github-api,http://api.github.com,github_repo,,Java,1997,326,0
zookeeper,apache,https://github.com/apache/zookeeper,http://api.github.com,github_repo,,Java,2095,326,0
Book-Catalogue,eleybourn,https://github.com/eleybourn/Book-Catalogue,http://api.github.com,github_repo,,Java,1367,327,0
bookkeeper,apache,https://github.com/apache/bookkeeper,http://api.github.com,github_repo,,Java,2228,328,0
RedReader,QuantumBadger,https://github.com/QuantumBadger/RedReader,http://api.github.com,github_repo,,Java,1317,328,0
psi-probe,psi-probe,https://github.com/psi-probe/psi-probe,http://api.github.com,github_repo,,Java,2852,329,0
drill,apache,https://github.com/apache/drill,http://api.github.com,github_repo,,Java,3781,332,0
baasbox,baasbox,https://github.com/baasbox/baasbox,http://api.github.com,github_repo,,Java,1706,332,0
resty-gwt,resty-gwt,https://github.com/resty-gwt/resty-gwt,http://api.github.com,github_repo,,Java,900,333,0
wigle-wifi-wardriving,wiglenet,https://github.com/wiglenet/wigle-wifi-wardriving,http://api.github.com,github_repo,,Java,1740,334,0
cron-utils,jmrozanec,https://github.com/jmrozanec/cron-utils,http://api.github.com,github_repo,,Java,1091,334,0
Priam,Netflix,https://github.com/Netflix/Priam,http://api.github.com,github_repo,,Java,1346,337,0
jnativehook,kwhat,https://github.com/kwhat/jnativehook,http://api.github.com,github_repo,,Java,945,338,0
esapi-java-legacy,ESAPI,https://github.com/ESAPI/esapi-java-legacy,http://api.github.com,github_repo,,Java,1750,339,0
jq,stedolan,https://github.com/stedolan/jq.git,http://api.github.com,github_repo,,C,1310,340,0
web3j,web3j,https://github.com/web3j/web3j,http://api.github.com,github_repo,,Java,1441,340,0
runnerup,jonasoreland,https://github.com/jonasoreland/runnerup,http://api.github.com,github_repo,,Java,2794,341,0
overlap2d,UnderwaterApps,https://github.com/UnderwaterApps/overlap2d,http://api.github.com,github_repo,,Java,1223,342,0
smali,JesusFreke,https://github.com/JesusFreke/smali,http://api.github.com,github_repo,,Java,1891,344,0
Clover,chandevel,https://github.com/chandevel/Clover,http://api.github.com,github_repo,,Java,1286,346,0
Glowstone-Legacy,GlowstoneMC,https://github.com/GlowstoneMC/Glowstone-Legacy,http://api.github.com,github_repo,,Java,657,347,0
sentry-java,getsentry,https://github.com/getsentry/sentry-java,http://api.github.com,github_repo,,Java,2218,348,0
nodebox,nodebox,https://github.com/nodebox/nodebox,http://api.github.com,github_repo,,Java,1894,350,0
objectify,objectify,https://github.com/objectify/objectify,http://api.github.com,github_repo,,Java,1181,351,0
spring-cloud-config,spring-cloud,https://github.com/spring-cloud/spring-cloud-config,http://api.github.com,github_repo,,Java,1270,352,0
elephant-bird,twitter,https://github.com/twitter/elephant-bird,http://api.github.com,github_repo,,Java,1374,353,0
spring-statemachine,spring-projects,https://github.com/spring-projects/spring-statemachine,http://api.github.com,github_repo,,Java,740,353,0
product-is,wso2,https://github.com/wso2/product-is,http://api.github.com,github_repo,,Java,5565,354,0
data-transfer-project,google,https://github.com/google/data-transfer-project,http://api.github.com,github_repo,,Java,1454,359,0
mixpanel-android,mixpanel,https://github.com/mixpanel/mixpanel-android,http://api.github.com,github_repo,,Java,1834,359,0
ta4j,ta4j,https://github.com/ta4j/ta4j,http://api.github.com,github_repo,,Java,894,360,0
jmxtrans,jmxtrans,https://github.com/jmxtrans/jmxtrans,http://api.github.com,github_repo,,Java,1422,360,0
docker-client,spotify,https://github.com/spotify/docker-client,http://api.github.com,github_repo,,Java,1853,360,0
oltpbench,oltpbenchmark,https://github.com/oltpbenchmark/oltpbench,http://api.github.com,github_repo,,Java,1096,366,0
spring-ws,spring-projects,https://github.com/spring-projects/spring-ws,http://api.github.com,github_repo,,Java,2181,367,0
FlexibleAdapter,davideas,https://github.com/davideas/FlexibleAdapter,http://api.github.com,github_repo,,Java,960,368,0
airlift,airlift,https://github.com/airlift/airlift,http://api.github.com,github_repo,,Java,2517,369,0
gerrit-trigger-plugin,jenkinsci,https://github.com/jenkinsci/gerrit-trigger-plugin,http://api.github.com,github_repo,,Java,1608,370,0
frisbee,gdg-x,https://github.com/gdg-x/frisbee,http://api.github.com,github_repo,,Java,2275,370,0
megabasterd,tonikelope,https://github.com/tonikelope/megabasterd,http://api.github.com,github_repo,,Java,668,370,0
J2V8,eclipsesource,https://github.com/eclipsesource/J2V8,http://api.github.com,github_repo,,Java,783,371,0
mapfish-print,mapfish,https://github.com/mapfish/mapfish-print,http://api.github.com,github_repo,,Java,2375,372,0
javacpp-presets,bytedeco,https://github.com/bytedeco/javacpp-presets,http://api.github.com,github_repo,,Java,1110,372,0
halyard,spinnaker,https://github.com/spinnaker/halyard,http://api.github.com,github_repo,,Java,1287,375,0
markor,gsantner,https://github.com/gsantner/markor,http://api.github.com,github_repo,,Java,1282,375,0
moco,dreamhead,https://github.com/dreamhead/moco,http://api.github.com,github_repo,,Java,2908,376,0
javamelody,javamelody,https://github.com/javamelody/javamelody,http://api.github.com,github_repo,,Java,3473,377,0
liteide,visualfc,https://github.com/visualfc/liteide.git,http://api.github.com,github_repo,,C++,2477,380,0
OneSignal-Android-SDK,OneSignal,https://github.com/OneSignal/OneSignal-Android-SDK,http://api.github.com,github_repo,,Java,828,380,0
curator,apache,https://github.com/apache/curator,http://api.github.com,github_repo,,Java,2653,380,0
debezium,debezium,https://github.com/debezium/debezium,http://api.github.com,github_repo,,Java,2598,384,0
maxwell,zendesk,https://github.com/zendesk/maxwell,http://api.github.com,github_repo,,Java,2974,386,0
spring-data-jpa,spring-projects,https://github.com/spring-projects/spring-data-jpa,http://api.github.com,github_repo,,Java,1373,387,0
hugegraph,hugegraph,https://github.com/hugegraph/hugegraph,http://api.github.com,github_repo,,Java,1043,394,0
grobid,kermitt2,https://github.com/kermitt2/grobid,http://api.github.com,github_repo,,Java,1825,395,0
VirtualApp,asLody,https://github.com/asLody/VirtualApp,http://api.github.com,github_repo,,Java,1249,397,0
SmaliEx,testwhat,https://github.com/testwhat/SmaliEx,http://api.github.com,github_repo,,Java,1913,398,0
jolokia,rhuss,https://github.com/rhuss/jolokia,http://api.github.com,github_repo,,Java,1622,398,0
ormlite-core,j256,https://github.com/j256/ormlite-core,http://api.github.com,github_repo,,Java,1805,399,0
Phonograph,kabouzeid,https://github.com/kabouzeid/Phonograph,http://api.github.com,github_repo,,Java,1582,400,0
javalite,javalite,https://github.com/javalite/javalite,http://api.github.com,github_repo,,Java,2378,401,0
heritrix3,internetarchive,https://github.com/internetarchive/heritrix3,http://api.github.com,github_repo,,Java,2108,403,0
carbon-kernel,wso2,https://github.com/wso2/carbon-kernel,http://api.github.com,github_repo,,Java,2543,404,0
joda-time,JodaOrg,https://github.com/JodaOrg/joda-time,http://api.github.com,github_repo,,Java,2143,405,0
GWTP,ArcBees,https://github.com/ArcBees/GWTP,http://api.github.com,github_repo,,Java,2230,409,0
BungeeCord,SpigotMC,https://github.com/SpigotMC/BungeeCord,http://api.github.com,github_repo,,Java,1663,410,0
Kylin,KylinOLAP,https://github.com/KylinOLAP/Kylin,http://api.github.com,github_repo,,Java,1977,412,0
swagger-parser,swagger-api,https://github.com/swagger-api/swagger-parser,http://api.github.com,github_repo,,Java,1999,412,0
kylin,apache,https://github.com/apache/kylin,http://api.github.com,github_repo,,Java,1977,412,0
validator,validator,https://github.com/validator/validator,http://api.github.com,github_repo,,Java,3773,413,0
FluentLenium,FluentLenium,https://github.com/FluentLenium/FluentLenium,http://api.github.com,github_repo,,Java,2238,413,0
SMSSync,ushahidi,https://github.com/ushahidi/SMSSync,http://api.github.com,github_repo,,Java,1816,414,0
openlauncher,OpenLauncherTeam,https://github.com/OpenLauncherTeam/openlauncher,http://api.github.com,github_repo,,Java,1080,416,0
docker-maven-plugin,fabric8io,https://github.com/fabric8io/docker-maven-plugin,http://api.github.com,github_repo,,Java,2025,419,0
docker-maven-plugin,spotify,https://github.com/spotify/docker-maven-plugin,http://api.github.com,github_repo,,Java,2025,419,0
OpenID-Connect-Java-Spring-Server,mitreid-connect,https://github.com/mitreid-connect/OpenID-Connect-Java-Spring-Server,http://api.github.com,github_repo,,Java,2704,421,0
lottie-android,airbnb,https://github.com/airbnb/lottie-android,http://api.github.com,github_repo,,Java,1189,421,0
pslab-android,fossasia,https://github.com/fossasia/pslab-android,http://api.github.com,github_repo,,Java,1100,424,0
TotalFreedomMod,TotalFreedom,https://github.com/TotalFreedom/TotalFreedomMod,http://api.github.com,github_repo,,Java,1023,425,0
opentsdb,OpenTSDB,https://github.com/OpenTSDB/opentsdb,http://api.github.com,github_repo,,Java,1647,425,0
keepass2android,PhilippC,https://github.com/PhilippC/keepass2android,http://api.github.com,github_repo,,Java,2600,426,0
thymeleaf,thymeleaf,https://github.com/thymeleaf/thymeleaf,http://api.github.com,github_repo,,Java,1654,428,0
mapdb,jankotek,https://github.com/jankotek/mapdb,http://api.github.com,github_repo,,Java,2143,428,0
java-docs-samples,GoogleCloudPlatform,https://github.com/GoogleCloudPlatform/java-docs-samples,http://api.github.com,github_repo,,Java,2452,428,0
vraptor4,caelum,https://github.com/caelum/vraptor4,http://api.github.com,github_repo,,Java,3761,429,0
light-4j,networknt,https://github.com/networknt/light-4j,http://api.github.com,github_repo,,Java,1281,429,0
android-xbmcremote,freezy,https://github.com/freezy/android-xbmcremote,http://api.github.com,github_repo,,Java,946,431,0
multibit,Multibit-Legacy,https://github.com/Multibit-Legacy/multibit,http://api.github.com,github_repo,,Java,1688,433,0
sirix,sirixdb,https://github.com/sirixdb/sirix,http://api.github.com,github_repo,,Java,1858,436,0
Android-IMSI-Catcher-Detector,CellularPrivacy,https://github.com/CellularPrivacy/Android-IMSI-Catcher-Detector,http://api.github.com,github_repo,,Java,2593,438,0
JFoenix,jfoenixadmin,https://github.com/jfoenixadmin/JFoenix,http://api.github.com,github_repo,,Java,1275,438,0
Factions,MassiveCraft,https://github.com/MassiveCraft/Factions,http://api.github.com,github_repo,,Java,1335,441,0
sunspot,sunspot,https://github.com/sunspot/sunspot.git,http://api.github.com,github_repo,,JavaScript,1987,443,0
wiremock,tomakehurst,https://github.com/tomakehurst/wiremock,http://api.github.com,github_repo,,Java,1808,443,0
gson,google,https://github.com/google/gson,http://api.github.com,github_repo,,Java,1480,443,0
PermissionsEx,PEXPlugins,https://github.com/PEXPlugins/PermissionsEx,http://api.github.com,github_repo,,Java,1093,451,0
java-client,appium,https://github.com/appium/java-client,http://api.github.com,github_repo,,Java,1502,452,0
news-android,nextcloud,https://github.com/nextcloud/news-android,http://api.github.com,github_repo,,Java,2332,454,0
simple-binary-encoding,real-logic,https://github.com/real-logic/simple-binary-encoding,http://api.github.com,github_repo,,Java,2816,458,0
AndEngine,nicolasgramlich,https://github.com/nicolasgramlich/AndEngine,http://api.github.com,github_repo,,Java,1800,458,0
canal,alibaba,https://github.com/alibaba/canal,http://api.github.com,github_repo,,Java,1359,458,0
mapstruct,mapstruct,https://github.com/mapstruct/mapstruct,http://api.github.com,github_repo,,Java,1321,460,0
android-search-and-stories,duckduckgo,https://github.com/duckduckgo/android-search-and-stories,http://api.github.com,github_repo,,Java,1324,460,0
braintree_android,braintree,https://github.com/braintree/braintree_android,http://api.github.com,github_repo,,Java,2123,462,0
jPOS,jpos,https://github.com/jpos/jPOS,http://api.github.com,github_repo,,Java,4721,463,0
sms-backup-plus,jberkel,https://github.com/jberkel/sms-backup-plus,http://api.github.com,github_repo,,Java,1755,463,0
memcached,memcached,https://github.com/memcached/memcached.git,http://api.github.com,github_repo,,C,1581,464,0
document-viewer,SufficientlySecure,https://github.com/SufficientlySecure/document-viewer,http://api.github.com,github_repo,,Java,1755,464,0
zap-extensions,zaproxy,https://github.com/zaproxy/zap-extensions,http://api.github.com,github_repo,,Java,6333,465,0
aws-sdk-java-v2,aws,https://github.com/aws/aws-sdk-java-v2,http://api.github.com,github_repo,,Java,3395,468,0
zulip-android,zulip,https://github.com/zulip/zulip-android,http://api.github.com,github_repo,,Java,1086,468,0
Conductor,bluelinelabs,https://github.com/bluelinelabs/Conductor,http://api.github.com,github_repo,,Java,1970,469,0
conductor,Netflix,https://github.com/Netflix/conductor,http://api.github.com,github_repo,,Java,1970,469,0
cryptomator,cryptomator,https://github.com/cryptomator/cryptomator,http://api.github.com,github_repo,,Java,2069,471,0
neo4j-apoc-procedures,neo4j-contrib,https://github.com/neo4j-contrib/neo4j-apoc-procedures,http://api.github.com,github_repo,,Java,1117,475,0
immutables,immutables,https://github.com/immutables/immutables,http://api.github.com,github_repo,,Java,2289,475,0
Lucee,lucee,https://github.com/lucee/Lucee,http://api.github.com,github_repo,,Java,4460,478,0
watchman,facebook,https://github.com/facebook/watchman.git,http://api.github.com,github_repo,,C++,3591,480,0
SikuliX-2014,RaiMan,https://github.com/RaiMan/SikuliX-2014,http://api.github.com,github_repo,,Java,2397,481,0
hector,hector-client,https://github.com/hector-client/hector,http://api.github.com,github_repo,,Java,2161,481,0
Multiverse-Core,Multiverse,https://github.com/Multiverse/Multiverse-Core,http://api.github.com,github_repo,,Java,1124,481,0
seadroid,haiwen,https://github.com/haiwen/seadroid,http://api.github.com,github_repo,,Java,2295,482,0
spring-cloud-gcp,spring-cloud,https://github.com/spring-cloud/spring-cloud-gcp,http://api.github.com,github_repo,,Java,1064,482,0
MCPELauncher,zhuowei,https://github.com/zhuowei/MCPELauncher,http://api.github.com,github_repo,,Java,999,482,0
dmix,abarisain,https://github.com/abarisain/dmix,http://api.github.com,github_repo,,Java,2603,485,0
JiaoZiVideoPlayer,lipangit,https://github.com/lipangit/JiaoZiVideoPlayer,http://api.github.com,github_repo,,java,1934,485,0
JiaoZiVideoPlayer,Jzvd,https://github.com/Jzvd/JiaoZiVideoPlayer,http://api.github.com,github_repo,,java,1934,485,0
asterisk-java,asterisk-java,https://github.com/asterisk-java/asterisk-java,http://api.github.com,github_repo,,Java,1865,486,0
lwjgl3,LWJGL,https://github.com/LWJGL/lwjgl3,http://api.github.com,github_repo,,Java,3251,488,0
moquette,moquette-io,https://github.com/moquette-io/moquette,http://api.github.com,github_repo,,Java,1274,488,0
geowave,locationtech,https://github.com/locationtech/geowave,http://api.github.com,github_repo,,Java,2027,488,0
butter-android,butterproject,https://github.com/butterproject/butter-android,http://api.github.com,github_repo,,Java,1982,489,0
atlas,apache,https://github.com/apache/atlas,http://api.github.com,github_repo,,Java,3002,491,0
atlas,alibaba,https://github.com/alibaba/atlas,http://api.github.com,github_repo,,Java,3002,491,0
apiman,apiman,https://github.com/apiman/apiman,http://api.github.com,github_repo,,Java,2568,499,0
beakerx,twosigma,https://github.com/twosigma/beakerx,http://api.github.com,github_repo,,Java,1665,500,0
powermock,powermock,https://github.com/powermock/powermock,http://api.github.com,github_repo,,Java,1603,504,0
phimpme-android,fossasia,https://github.com/fossasia/phimpme-android,http://api.github.com,github_repo,,Java,1752,504,0
sensei,linkedin,https://github.com/linkedin/sensei,http://api.github.com,github_repo,,Java,2141,504,0
gitblit,gitblit,https://github.com/gitblit/gitblit,http://api.github.com,github_repo,,Java,3160,506,0
javers,javers,https://github.com/javers/javers,http://api.github.com,github_repo,,Java,2548,507,0
tink,google,https://github.com/google/tink,http://api.github.com,github_repo,,Java,2113,509,0
edx-app-android,edx,https://github.com/edx/edx-app-android,http://api.github.com,github_repo,,Java,2962,511,0
xodus,JetBrains,https://github.com/JetBrains/xodus,http://api.github.com,github_repo,,Java,2322,512,0
kubernetes-client,fabric8io,https://github.com/fabric8io/kubernetes-client,http://api.github.com,github_repo,,Java,2676,515,0
open-event-droidgen,fossasia,https://github.com/fossasia/open-event-droidgen,http://api.github.com,github_repo,,Java,1394,517,0
graphql-java,graphql-java,https://github.com/graphql-java/graphql-java,http://api.github.com,github_repo,,Java,2239,524,0
avro,apache,https://github.com/apache/avro,http://api.github.com,github_repo,,Java,2240,525,0
LeafPic,HoraApps,https://github.com/HoraApps/LeafPic,http://api.github.com,github_repo,,Java,1356,526,0
brave,openzipkin,https://github.com/openzipkin/brave,http://api.github.com,github_repo,,Java,1605,528,0
Saturn,vipshop,https://github.com/vipshop/Saturn,http://api.github.com,github_repo,,Java,2518,531,0
picocli,remkop,https://github.com/remkop/picocli,http://api.github.com,github_repo,,Java,2646,533,0
fabric8-maven-plugin,fabric8io,https://github.com/fabric8io/fabric8-maven-plugin,http://api.github.com,github_repo,,Java,2382,533,0
spring-cloud-stream,spring-cloud,https://github.com/spring-cloud/spring-cloud-stream,http://api.github.com,github_repo,,Java,1443,535,0
quasar,puniverse,https://github.com/puniverse/quasar,http://api.github.com,github_repo,,Java,2494,535,0
react-native-svg,react-native-community,https://github.com/react-native-community/react-native-svg,http://api.github.com,github_repo,,Java,1638,535,0
FML,MinecraftForge,https://github.com/MinecraftForge/FML,http://api.github.com,github_repo,,Java,1796,536,0
lettuce-core,lettuce-io,https://github.com/lettuce-io/lettuce-core,http://api.github.com,github_repo,,Java,1769,536,0
stagemonitor,stagemonitor,https://github.com/stagemonitor/stagemonitor,http://api.github.com,github_repo,,Java,1910,537,0
karate,intuit,https://github.com/intuit/karate,http://api.github.com,github_repo,,Java,1992,538,0
dble,actiontech,https://github.com/actiontech/dble,http://api.github.com,github_repo,,Java,2313,539,0
GoIV,farkam135,https://github.com/farkam135/GoIV,http://api.github.com,github_repo,,Java,2499,539,0
zemberek-nlp,ahmetaa,https://github.com/ahmetaa/zemberek-nlp,http://api.github.com,github_repo,,Java,1324,543,0
android-money-manager-ex,moneymanagerex,https://github.com/moneymanagerex/android-money-manager-ex,http://api.github.com,github_repo,,Java,4339,544,0
dcm4che,dcm4che,https://github.com/dcm4che/dcm4che,http://api.github.com,github_repo,,Java,2481,544,0
nutch,apache,https://github.com/apache/nutch,http://api.github.com,github_repo,,Java,3014,547,0
docker-java,docker-java,https://github.com/docker-java/docker-java,http://api.github.com,github_repo,,Java,1957,549,0
FirefoxReality,MozillaReality,https://github.com/MozillaReality/FirefoxReality,http://api.github.com,github_repo,,Java,1549,553,0
incubator-dolphinscheduler,apache,https://github.com/apache/incubator-dolphinscheduler,http://api.github.com,github_repo,,Java,2068,553,0
mapbox-navigation-android,mapbox,https://github.com/mapbox/mapbox-navigation-android,http://api.github.com,github_repo,,Java,1915,553,0
picard,broadinstitute,https://github.com/broadinstitute/picard,http://api.github.com,github_repo,,Java,2828,557,0
jackson-core,FasterXML,https://github.com/FasterXML/jackson-core,http://api.github.com,github_repo,,Java,2082,559,0
android,github,https://github.com/github/android.git,http://api.github.com,github_repo,,Java,3490,560,0
android,owncloud,https://github.com/owncloud/android,http://api.github.com,github_repo,,java,3490,560,0
FastHub,k0shk0sh,https://github.com/k0shk0sh/FastHub,http://api.github.com,github_repo,,Java,1879,562,0
californium,eclipse,https://github.com/eclipse/californium,http://api.github.com,github_repo,,Java,1980,563,0
spring-data-commons,spring-projects,https://github.com/spring-projects/spring-data-commons,http://api.github.com,github_repo,,Java,2052,566,0
JOML,JOML-CI,https://github.com/JOML-CI/JOML,http://api.github.com,github_repo,,Java,1817,567,0
robomongo,paralect,https://github.com/paralect/robomongo.git,http://api.github.com,github_repo,,C++,2298,576,0
xDrip,NightscoutFoundation,https://github.com/NightscoutFoundation/xDrip,http://api.github.com,github_repo,,Java,4759,580,0
FXGL,AlmasB,https://github.com/AlmasB/FXGL,http://api.github.com,github_repo,,Java,3377,580,0
clojure,clojure,https://github.com/clojure/clojure.git,http://api.github.com,github_repo,,Java,3290,591,0
azkaban,azkaban,https://github.com/azkaban/azkaban,http://api.github.com,github_repo,,Java,2421,593,0
stampede,torodb,https://github.com/torodb/stampede,http://api.github.com,github_repo,,Java,1694,593,0
ps3mediaserver,ps3mediaserver,https://github.com/ps3mediaserver/ps3mediaserver,http://api.github.com,github_repo,,Java,2359,599,0
nanomsg,nanomsg,https://github.com/nanomsg/nanomsg.git,http://api.github.com,github_repo,,C,1642,600,0
oozie,apache,https://github.com/apache/oozie,http://api.github.com,github_repo,,Java,2351,600,0
jphp,jphp-group,https://github.com/jphp-group/jphp,http://api.github.com,github_repo,,Java,1709,605,0
Rajawali,Rajawali,https://github.com/Rajawali/Rajawali,http://api.github.com,github_repo,,Java,1806,607,0
appinventor-sources,mit-cml,https://github.com/mit-cml/appinventor-sources,http://api.github.com,github_repo,,Java,2244,607,0
grpc-java,grpc,https://github.com/grpc/grpc-java,http://api.github.com,github_repo,,Java,4044,607,0
ImmersiveEngineering,BluSunrize,https://github.com/BluSunrize/ImmersiveEngineering,http://api.github.com,github_repo,,Java,1648,608,0
ripme,4pr0n,https://github.com/4pr0n/ripme,http://api.github.com,github_repo,,Java,2430,609,0
ripme,RipMeApp,https://github.com/RipMeApp/ripme,http://api.github.com,github_repo,,Java,2430,609,0
dynjs,dynjs,https://github.com/dynjs/dynjs,http://api.github.com,github_repo,,Java,2475,611,0
ios-driver,ios-driver,https://github.com/ios-driver/ios-driver,http://api.github.com,github_repo,,Java,1796,611,0
restheart,SoftInstigate,https://github.com/SoftInstigate/restheart,http://api.github.com,github_repo,,Java,1974,612,0
xstream,x-stream,https://github.com/x-stream/xstream,http://api.github.com,github_repo,,Java,2702,615,0
afwall,ukanth,https://github.com/ukanth/afwall,http://api.github.com,github_repo,,Java,1630,619,0
openfoodfacts-androidapp,openfoodfacts,https://github.com/openfoodfacts/openfoodfacts-androidapp,http://api.github.com,github_repo,,Java,6050,623,0
json-schema-validator,java-json-tools,https://github.com/java-json-tools/json-schema-validator,http://api.github.com,github_repo,,Java,2787,624,0
servicecomb-java-chassis,apache,https://github.com/apache/servicecomb-java-chassis,http://api.github.com,github_repo,,Java,2546,626,0
pgjdbc,pgjdbc,https://github.com/pgjdbc/pgjdbc,http://api.github.com,github_repo,,Java,2620,629,0
armeria,line,https://github.com/line/armeria,http://api.github.com,github_repo,,Java,2239,632,0
ccv,liuliu,https://github.com/liuliu/ccv.git,http://api.github.com,github_repo,,C,2117,638,0
tatami,ippontech,https://github.com/ippontech/tatami,http://api.github.com,github_repo,,Java,3942,640,0
JDA,DV8FromTheWorld,https://github.com/DV8FromTheWorld/JDA,http://api.github.com,github_repo,,Java,1791,642,0
truth,google,https://github.com/google/truth,http://api.github.com,github_repo,,Java,1472,647,0
htsjdk,samtools,https://github.com/samtools/htsjdk,http://api.github.com,github_repo,,Java,2714,649,0
WorldGuard,EngineHub,https://github.com/EngineHub/WorldGuard,http://api.github.com,github_repo,,Java,1850,650,0
geowebcache,GeoWebCache,https://github.com/GeoWebCache/geowebcache,http://api.github.com,github_repo,,Java,2470,653,0
lwan,lpereira,https://github.com/lpereira/lwan.git,http://api.github.com,github_repo,,C,2636,654,0
rskj,rsksmart,https://github.com/rsksmart/rskj,http://api.github.com,github_repo,,Java,3839,655,0
caffe,BVLC,https://github.com/BVLC/caffe.git,http://api.github.com,github_repo,,C++,4154,662,0
gwt-material,GwtMaterialDesign,https://github.com/GwtMaterialDesign/gwt-material,http://api.github.com,github_repo,,Java,2009,662,0
Chronicle-Map,OpenHFT,https://github.com/OpenHFT/Chronicle-Map,http://api.github.com,github_repo,,Java,2562,666,0
suite,planetfederal,https://github.com/planetfederal/suite,http://api.github.com,github_repo,,Java,8225,672,0
selenide,selenide,https://github.com/selenide/selenide,http://api.github.com,github_repo,,Java,2952,673,0
umlet,umlet,https://github.com/umlet/umlet,http://api.github.com,github_repo,,Java,1805,673,0
mirakel-android,MirakelX,https://github.com/MirakelX/mirakel-android,http://api.github.com,github_repo,,Java,3722,677,0
ProtocolSupport,ProtocolSupport,https://github.com/ProtocolSupport/ProtocolSupport,http://api.github.com,github_repo,,Java,2156,681,0
quickfixj,quickfix-j,https://github.com/quickfix-j/quickfixj,http://api.github.com,github_repo,,Java,1515,682,0
LuckPerms,lucko,https://github.com/lucko/LuckPerms,http://api.github.com,github_repo,,Java,1593,682,0
libjitsi,jitsi,https://github.com/jitsi/libjitsi,http://api.github.com,github_repo,,Java,2337,688,0
bugsnag-android,bugsnag,https://github.com/bugsnag/bugsnag-android,http://api.github.com,github_repo,,Java,2385,695,0
openwayback,iipc,https://github.com/iipc/openwayback,http://api.github.com,github_repo,,Java,3392,698,0
jfreechart,jfree,https://github.com/jfree/jfreechart,http://api.github.com,github_repo,,Java,3783,699,0
Skript,SkriptLang,https://github.com/SkriptLang/Skript,http://api.github.com,github_repo,,Java,2365,702,0
spring-cloud-dataflow,spring-cloud,https://github.com/spring-cloud/spring-cloud-dataflow,http://api.github.com,github_repo,,Java,2205,706,0
SmartYouTubeTV,yuliskov,https://github.com/yuliskov/SmartYouTubeTV,http://api.github.com,github_repo,,Java,2649,707,0
Universal-G-Code-Sender,winder,https://github.com/winder/Universal-G-Code-Sender,http://api.github.com,github_repo,,Java,2642,709,0
FastAsyncWorldedit,boy0001,https://github.com/boy0001/FastAsyncWorldedit,http://api.github.com,github_repo,,Java,1504,714,0
BiomesOPlenty,Glitchfiend,https://github.com/Glitchfiend/BiomesOPlenty,http://api.github.com,github_repo,,Java,2027,715,0
jMetal,jMetal,https://github.com/jMetal/jMetal,http://api.github.com,github_repo,,Java,3194,716,0
spring-data-redis,spring-projects,https://github.com/spring-projects/spring-data-redis,http://api.github.com,github_repo,,Java,2024,717,0
flexmark-java,vsch,https://github.com/vsch/flexmark-java,http://api.github.com,github_repo,,Java,1646,718,0
synthea,synthetichealth,https://github.com/synthetichealth/synthea,http://api.github.com,github_repo,,Java,2884,718,0
tez,apache,https://github.com/apache/tez,http://api.github.com,github_repo,,Java,2725,719,0
conscrypt,google,https://github.com/google/conscrypt,http://api.github.com,github_repo,,Java,3951,724,0
vis-ui,kotcrab,https://github.com/kotcrab/vis-ui,http://api.github.com,github_repo,,Java,2633,727,0
iri,iotaledger,https://github.com/iotaledger/iri,http://api.github.com,github_repo,,Java,2580,730,0
phoenix,forcedotcom,https://github.com/forcedotcom/phoenix,http://api.github.com,github_repo,,Java,3086,736,0
phoenix,apache,https://github.com/apache/phoenix,http://api.github.com,github_repo,,Java,3086,736,0
RoaringBitmap,RoaringBitmap,https://github.com/RoaringBitmap/RoaringBitmap,http://api.github.com,github_repo,,Java,1941,740,0
mssql-jdbc,microsoft,https://github.com/microsoft/mssql-jdbc,http://api.github.com,github_repo,,Java,2005,747,0
ratpack,ratpack,https://github.com/ratpack/ratpack,http://api.github.com,github_repo,,Java,5880,747,0
ServiceStack,ServiceStack,https://github.com/ServiceStack/ServiceStack.git,http://api.github.com,github_repo,,C#,11023,749,0
flutter-intellij,flutter,https://github.com/flutter/flutter-intellij,http://api.github.com,github_repo,,Java,2158,749,0
TomP2P,tomp2p,https://github.com/tomp2p/TomP2P,http://api.github.com,github_repo,,Java,1636,752,0
carina,qaprosoft,https://github.com/qaprosoft/carina,http://api.github.com,github_repo,,Java,5468,755,0
flyingsaucer,flyingsaucerproject,https://github.com/flyingsaucerproject/flyingsaucer,http://api.github.com,github_repo,,Java,2818,759,0
science-journal,google,https://github.com/google/science-journal,http://api.github.com,github_repo,,Java,2448,759,0
zipkin,openzipkin,https://github.com/openzipkin/zipkin,http://api.github.com,github_repo,,Java,2312,761,0
pwm,pwm-project,https://github.com/pwm-project/pwm,http://api.github.com,github_repo,,Java,2634,771,0
Subsonic,daneren2005,https://github.com/daneren2005/Subsonic,http://api.github.com,github_repo,,Java,3859,773,0
Etar-Calendar,Etar-Group,https://github.com/Etar-Group/Etar-Calendar,http://api.github.com,github_repo,,Java,5915,786,0
liliths-throne-public,Innoxia,https://github.com/Innoxia/liliths-throne-public,http://api.github.com,github_repo,,Java,2058,794,0
maven-surefire,apache,https://github.com/apache/maven-surefire,http://api.github.com,github_repo,,Java,2818,796,0
onebusaway-android,OneBusAway,https://github.com/OneBusAway/onebusaway-android,http://api.github.com,github_repo,,Java,2293,797,0
alf.io,alfio-event,https://github.com/alfio-event/alf.io,http://api.github.com,github_repo,,Java,3096,798,0
tesseract,tesseract-ocr,https://github.com/tesseract-ocr/tesseract.git,http://api.github.com,github_repo,,C++,4457,803,0
commons-io,apache,https://github.com/apache/commons-io,http://api.github.com,github_repo,,Java,2303,808,0
tika,apache,https://github.com/apache/tika,http://api.github.com,github_repo,,Java,4674,808,0
droolsjbpm-integration,kiegroup,https://github.com/kiegroup/droolsjbpm-integration,http://api.github.com,github_repo,,Java,4245,809,0
enunciate,stoicflame,https://github.com/stoicflame/enunciate,http://api.github.com,github_repo,,Java,2379,810,0
runelite,runelite,https://github.com/runelite/runelite,http://api.github.com,github_repo,,Java,8739,811,0
quran_android,quran,https://github.com/quran/quran_android,http://api.github.com,github_repo,,Java,2250,815,0
logback,qos-ch,https://github.com/qos-ch/logback,http://api.github.com,github_repo,,Java,3954,816,0
strimzi-kafka-operator,strimzi,https://github.com/strimzi/strimzi-kafka-operator,http://api.github.com,github_repo,,Java,2526,821,0
scalecube-services,scalecube,https://github.com/scalecube/scalecube-services,http://api.github.com,github_repo,,Java,4317,822,0
SFML,LaurentGomila,https://github.com/LaurentGomila/SFML.git,http://api.github.com,github_repo,,C++,2219,825,0
jdbi,jdbi,https://github.com/jdbi/jdbi,http://api.github.com,github_repo,,Java,4189,828,0
bc-java,bcgit,https://github.com/bcgit/bc-java,http://api.github.com,github_repo,,Java,6269,830,0
susi_server,fossasia,https://github.com/fossasia/susi_server,http://api.github.com,github_repo,,Java,3787,837,0
logback-android,tony19,https://github.com/tony19/logback-android,http://api.github.com,github_repo,,Java,4233,837,0
openpnp,openpnp,https://github.com/openpnp/openpnp,http://api.github.com,github_repo,,Java,3024,844,0
SpongeForge,SpongePowered,https://github.com/SpongePowered/SpongeForge,http://api.github.com,github_repo,,Java,3660,849,0
nomulus,google,https://github.com/google/nomulus,http://api.github.com,github_repo,,Java,2956,849,0
AutoMapper,AutoMapper,https://github.com/AutoMapper/AutoMapper.git,http://api.github.com,github_repo,,C#,3470,851,0
jitsi-videobridge,jitsi,https://github.com/jitsi/jitsi-videobridge,http://api.github.com,github_repo,,Java,2990,851,0
geode,apache,https://github.com/apache/geode,http://api.github.com,github_repo,,Java,9022,852,0
tablesaw,jtablesaw,https://github.com/jtablesaw/tablesaw,http://api.github.com,github_repo,,Java,2276,857,0
SchemaCrawler,schemacrawler,https://github.com/schemacrawler/SchemaCrawler,http://api.github.com,github_repo,,Java,5488,867,0
ChatSecureAndroid,guardianproject,https://github.com/guardianproject/ChatSecureAndroid,http://api.github.com,github_repo,,Java,2909,874,0
floodlight,floodlight,https://github.com/floodlight/floodlight,http://api.github.com,github_repo,,Java,3146,875,0
gh4a,slapperwan,https://github.com/slapperwan/gh4a,http://api.github.com,github_repo,,Java,2679,880,0
fastjson,alibaba,https://github.com/alibaba/fastjson.git,http://api.github.com,github_repo,,Java,3374,882,0
fastjson,ChengJinJin,https://github.com/ChengJinJin/fastjson,http://api.github.com,github_repo,,java,3374,882,0
ksql,confluentinc,https://github.com/confluentinc/ksql,http://api.github.com,github_repo,,Java,6017,883,0
Catch,philsquared,https://github.com/philsquared/Catch.git,http://api.github.com,github_repo,,C++,3110,888,0
rultor,yegor256,https://github.com/yegor256/rultor,http://api.github.com,github_repo,,Java,4246,890,0
spring-cloud-openfeign,spring-cloud,https://github.com/spring-cloud/spring-cloud-openfeign,http://api.github.com,github_repo,,Java,2326,901,0
tomahawk-android,tomahawk-player,https://github.com/tomahawk-player/tomahawk-android,http://api.github.com,github_repo,,Java,2525,904,0
hazelcast-jet,hazelcast,https://github.com/hazelcast/hazelcast-jet,http://api.github.com,github_repo,,Java,2006,914,0
syncany,syncany,https://github.com/syncany/syncany,http://api.github.com,github_repo,,Java,3208,914,0
spoon,INRIA,https://github.com/INRIA/spoon,http://api.github.com,github_repo,,Java,3010,919,0
lombok,rzwitserloot,https://github.com/rzwitserloot/lombok,http://api.github.com,github_repo,,Java,2882,922,0
springfox,springfox,https://github.com/springfox/springfox,http://api.github.com,github_repo,,Java,3299,929,0
visualvm,oracle,https://github.com/oracle/visualvm,http://api.github.com,github_repo,,Java,103275,930,0
cucumber-jvm,cucumber,https://github.com/cucumber/cucumber-jvm,http://api.github.com,github_repo,,Java,4548,931,0
wro4j,wro4j,https://github.com/wro4j/wro4j,http://api.github.com,github_repo,,Java,3619,946,0
wro4j,alexo,https://github.com/alexo/wro4j,http://api.github.com,github_repo,,Java,3619,946,0
encog-java-core,jeffheaton,https://github.com/jeffheaton/encog-java-core,http://api.github.com,github_repo,,Java,3629,951,0
openhtmltopdf,danfickle,https://github.com/danfickle/openhtmltopdf,http://api.github.com,github_repo,,Java,3381,959,0
sysdig,draios,https://github.com/draios/sysdig.git,http://api.github.com,github_repo,,C++,4297,979,0
mondrian,pentaho,https://github.com/pentaho/mondrian,http://api.github.com,github_repo,,Java,4262,982,0
copybara,google,https://github.com/google/copybara,http://api.github.com,github_repo,,Java,1909,985,0
SonarJS,SonarSource,https://github.com/SonarSource/SonarJS,http://api.github.com,github_repo,,Java,2741,986,0
ehcache3,ehcache,https://github.com/ehcache/ehcache3,http://api.github.com,github_repo,,Java,4376,988,0
javaparser,javaparser,https://github.com/javaparser/javaparser,http://api.github.com,github_repo,,Java,6251,988,0
strongbox,strongbox,https://github.com/strongbox/strongbox,http://api.github.com,github_repo,,Java,5610,992,0
spring-xd,spring-projects,https://github.com/spring-projects/spring-xd,http://api.github.com,github_repo,,Java,2768,994,0
spring-cloud-sleuth,spring-cloud,https://github.com/spring-cloud/spring-cloud-sleuth,http://api.github.com,github_repo,,Java,2521,995,0
Omni-Notes,federicoiosue,https://github.com/federicoiosue/Omni-Notes,http://api.github.com,github_repo,,Java,2988,1001,0
karaf,apache,https://github.com/apache/karaf,http://api.github.com,github_repo,,Java,8075,1005,0
sandstorm,sandstorm-io,https://github.com/sandstorm-io/sandstorm.git,http://api.github.com,github_repo,,JavaScript,6992,1018,0
MediathekView,mediathekview,https://github.com/mediathekview/MediathekView,http://api.github.com,github_repo,,Java,3260,1019,0
core,dotnet,https://github.com/dotnet/core,http://api.github.com,github_repo,,java,3289,1022,0
weblaf,mgarin,https://github.com/mgarin/weblaf,http://api.github.com,github_repo,,Java,1615,1023,0
q-municate-android,QuickBlox,https://github.com/QuickBlox/q-municate-android,http://api.github.com,github_repo,,Java,2415,1040,0
mahout,apache,https://github.com/apache/mahout,http://api.github.com,github_repo,,Java,4394,1044,0
jodd,oblac,https://github.com/oblac/jodd,http://api.github.com,github_repo,,Java,5304,1047,0
lenskit,lenskit,https://github.com/lenskit/lenskit,http://api.github.com,github_repo,,Java,6374,1062,0
commons-collections,apache,https://github.com/apache/commons-collections,http://api.github.com,github_repo,,Java,3293,1065,0
teavm,konsoletyper,https://github.com/konsoletyper/teavm,http://api.github.com,github_repo,,Java,2374,1093,0
fitnesse,unclebob,https://github.com/unclebob/fitnesse,http://api.github.com,github_repo,,Java,5773,1099,0
go-lang-idea-plugin,go-lang-plugin-org,https://github.com/go-lang-plugin-org/go-lang-idea-plugin.git,http://api.github.com,github_repo,,Java,3588,1100,0
mucommander,mucommander,https://github.com/mucommander/mucommander,http://api.github.com,github_repo,,Java,4835,1108,0
admiral,vmware,https://github.com/vmware/admiral,http://api.github.com,github_repo,,Java,3414,1116,0
AmazeFileManager,TeamAmaze,https://github.com/TeamAmaze/AmazeFileManager,http://api.github.com,github_repo,,Java,3851,1117,0
Applied-Energistics-2,AppliedEnergistics,https://github.com/AppliedEnergistics/Applied-Energistics-2,http://api.github.com,github_repo,,Java,3154,1130,0
fineract,apache,https://github.com/apache/fineract,http://api.github.com,github_repo,,Java,5155,1142,0
zeebe,zeebe-io,https://github.com/zeebe-io/zeebe,http://api.github.com,github_repo,,Java,7056,1144,0
Openfire,igniterealtime,https://github.com/igniterealtime/Openfire,http://api.github.com,github_repo,,Java,9215,1145,0
RxJava,ReactiveX,https://github.com/ReactiveX/RxJava.git,http://api.github.com,github_repo,,Java,5676,1148,0
RxJava,Netflix,https://github.com/Netflix/RxJava.git,http://api.github.com,github_repo,,Java,5676,1148,0
testng,cbeust,https://github.com/cbeust/testng,http://api.github.com,github_repo,,Java,4733,1159,0
Railcraft,Railcraft,https://github.com/Railcraft/Railcraft,http://api.github.com,github_repo,,Java,2746,1178,0
AnySoftKeyboard,AnySoftKeyboard,https://github.com/AnySoftKeyboard/AnySoftKeyboard,http://api.github.com,github_repo,,Java,5491,1198,0
blynk-server,blynkkk,https://github.com/blynkkk/blynk-server,http://api.github.com,github_repo,,Java,4829,1198,0
reactor-core,reactor,https://github.com/reactor/reactor-core,http://api.github.com,github_repo,,Java,2822,1199,0
glowroot,glowroot,https://github.com/glowroot/glowroot,http://api.github.com,github_repo,,Java,4042,1201,0
async-http-client,AsyncHttpClient,https://github.com/AsyncHttpClient/async-http-client,http://api.github.com,github_repo,,Java,4045,1209,0
activemq-artemis,apache,https://github.com/apache/activemq-artemis,http://api.github.com,github_repo,,Java,7099,1213,0
ngrinder,naver,https://github.com/naver/ngrinder,http://api.github.com,github_repo,,Java,4313,1214,0
cometd,cometd,https://github.com/cometd/cometd,http://api.github.com,github_repo,,Java,3783,1215,0
Strata,OpenGamma,https://github.com/OpenGamma/Strata,http://api.github.com,github_repo,,Java,4124,1222,0
pentaho-platform,pentaho,https://github.com/pentaho/pentaho-platform,http://api.github.com,github_repo,,Java,8273,1226,0
assertj-core,joel-costigliola,https://github.com/joel-costigliola/assertj-core,http://api.github.com,github_repo,,Java,2770,1240,0
incubator-heron,apache,https://github.com/apache/incubator-heron,http://api.github.com,github_repo,,Java,3049,1240,0
owlapi,owlcs,https://github.com/owlcs/owlapi,http://api.github.com,github_repo,,Java,2726,1251,0
tiled,bjorn,https://github.com/bjorn/tiled.git,http://api.github.com,github_repo,,C++,4481,1256,0
libsass,sass,https://github.com/sass/libsass.git,http://api.github.com,github_repo,,C++,4129,1259,0
closure-templates,google,https://github.com/google/closure-templates,http://api.github.com,github_repo,,Java,3121,1261,0
androidclient,kontalk,https://github.com/kontalk/androidclient,http://api.github.com,github_repo,,Java,6812,1273,0
Nukkit,Nukkit,https://github.com/Nukkit/Nukkit,http://api.github.com,github_repo,,Java,3421,1276,0
Nukkit,NukkitX,https://github.com/NukkitX/Nukkit,http://api.github.com,github_repo,,Java,3421,1276,0
gatk,broadinstitute,https://github.com/broadinstitute/gatk,http://api.github.com,github_repo,,Java,4088,1286,0
lwjgl,LWJGL,https://github.com/LWJGL/lwjgl,http://api.github.com,github_repo,,Java,3884,1286,0
Sick-Beard,midgetspy,https://github.com/midgetspy/Sick-Beard.git,http://api.github.com,github_repo,,Python,3978,1299,0
XPrivacy,M66B,https://github.com/M66B/XPrivacy,http://api.github.com,github_repo,,Java,8154,1304,0
Tower,DroidPlanner,https://github.com/DroidPlanner/Tower,http://api.github.com,github_repo,,Java,5375,1304,0
wagtail,torchbox,https://github.com/torchbox/wagtail.git,http://api.github.com,github_repo,,Python,9530,1309,0
siddhi,siddhi-io,https://github.com/siddhi-io/siddhi,http://api.github.com,github_repo,,Java,5831,1311,0
AuthMeReloaded,AuthMe,https://github.com/AuthMe/AuthMeReloaded,http://api.github.com,github_repo,,Java,3848,1325,0
threadfix,denimgroup,https://github.com/denimgroup/threadfix,http://api.github.com,github_repo,,Java,5304,1339,0
opensearchserver,jaeksoft,https://github.com/jaeksoft/opensearchserver,http://api.github.com,github_repo,,Java,5444,1340,0
SeriesGuide,UweTrottmann,https://github.com/UweTrottmann/SeriesGuide,http://api.github.com,github_repo,,Java,10213,1353,0
TextSecure,WhisperSystems,https://github.com/WhisperSystems/TextSecure.git,http://api.github.com,github_repo,,Java,4904,1361,0
syndesis,syndesisio,https://github.com/syndesisio/syndesis,http://api.github.com,github_repo,,Java,15892,1366,0
Web-Karma,usc-isi-i2,https://github.com/usc-isi-i2/Web-Karma,http://api.github.com,github_repo,,Java,4195,1368,0
incubator-gobblin,apache,https://github.com/apache/incubator-gobblin,http://api.github.com,github_repo,,Java,5393,1376,0
mvel,mvel,https://github.com/mvel/mvel,http://api.github.com,github_repo,,Java,3021,1405,0
protege,protegeproject,https://github.com/protegeproject/protege,http://api.github.com,github_repo,,Java,4005,1411,0
antlr4,antlr,https://github.com/antlr/antlr4,http://api.github.com,github_repo,,Java,7384,1416,0
riot-android,vector-im,https://github.com/vector-im/riot-android,http://api.github.com,github_repo,,Java,7947,1445,0
wallet-android,mycelium-com,https://github.com/mycelium-com/wallet-android,http://api.github.com,github_repo,,Java,6615,1446,0
Singularity,HubSpot,https://github.com/HubSpot/Singularity,http://api.github.com,github_repo,,Java,11376,1453,0
Conversations,siacs,https://github.com/siacs/Conversations,http://api.github.com,github_repo,,Java,5942,1459,0
Gaffer,gchq,https://github.com/gchq/Gaffer,http://api.github.com,github_repo,,Java,6683,1474,0
macvim,b4winckler,https://github.com/b4winckler/macvim.git,http://api.github.com,github_repo,,C,7374,1516,0
breadwallet-android,breadwallet,https://github.com/breadwallet/breadwallet-android,http://api.github.com,github_repo,,Java,4039,1530,0
pip,pypa,https://github.com/pypa/pip.git,http://api.github.com,github_repo,,Python,8925,1539,0
UniversalMediaServer,UniversalMediaServer,https://github.com/UniversalMediaServer/UniversalMediaServer,http://api.github.com,github_repo,,Java,7757,1541,0
liquibase,liquibase,https://github.com/liquibase/liquibase,http://api.github.com,github_repo,,Java,7397,1546,0
che,eclipse,https://github.com/eclipse/che,http://api.github.com,github_repo,,Java,8487,1552,0
error-prone,google,https://github.com/google/error-prone,http://api.github.com,github_repo,,Java,4127,1563,0
mockito,mockito,https://github.com/mockito/mockito,http://api.github.com,github_repo,,Java,5226,1572,0
symmetric-ds,JumpMind,https://github.com/JumpMind/symmetric-ds,http://api.github.com,github_repo,,Java,11685,1581,0
cyclops,aol,https://github.com/aol/cyclops,http://api.github.com,github_repo,,Java,3502,1581,0
commons-math,apache,https://github.com/apache/commons-math,http://api.github.com,github_repo,,Java,6476,1593,0
rabbitmq-java-client,rabbitmq,https://github.com/rabbitmq/rabbitmq-java-client,http://api.github.com,github_repo,,Java,4322,1594,0
uaa,cloudfoundry,https://github.com/cloudfoundry/uaa,http://api.github.com,github_repo,,Java,8440,1595,0
zstack,zstackio,https://github.com/zstackio/zstack,http://api.github.com,github_repo,,Java,8949,1602,0
react-native-navigation,wix,https://github.com/wix/react-native-navigation,http://api.github.com,github_repo,,Java,4619,1605,0
redis,antirez,https://github.com/antirez/redis.git,http://api.github.com,github_repo,,C,8728,1609,0
lumify,lumifyio,https://github.com/lumifyio/lumify,http://api.github.com,github_repo,,Java,6212,1614,0
astrid,todoroo,https://github.com/todoroo/astrid,http://api.github.com,github_repo,,Java,5112,1620,0
calcite,apache,https://github.com/apache/calcite,http://api.github.com,github_repo,,Java,3962,1621,0
TinkersConstruct,SlimeKnights,https://github.com/SlimeKnights/TinkersConstruct,http://api.github.com,github_repo,,Java,5759,1627,0
bitcoinj,bitcoinj,https://github.com/bitcoinj/bitcoinj,http://api.github.com,github_repo,,Java,3471,1641,0
vavr,vavr-io,https://github.com/vavr-io/vavr,http://api.github.com,github_repo,,Java,4281,1642,0
voldemort,voldemort,https://github.com/voldemort/voldemort,http://api.github.com,github_repo,,Java,4262,1662,0
biojava,biojava,https://github.com/biojava/biojava,http://api.github.com,github_repo,,Java,6069,1664,0
querydsl,querydsl,https://github.com/querydsl/querydsl,http://api.github.com,github_repo,,Java,7126,1674,0
byte-buddy,raphw,https://github.com/raphw/byte-buddy,http://api.github.com,github_repo,,Java,5126,1717,0
killbill,killbill,https://github.com/killbill/killbill,http://api.github.com,github_repo,,Java,8231,1727,0
Smack,igniterealtime,https://github.com/igniterealtime/Smack,http://api.github.com,github_repo,,Java,4119,1733,0
dubbo,alibaba,https://github.com/alibaba/dubbo.git,http://api.github.com,github_repo,,Java,4108,1761,0
Slide,ccrama,https://github.com/ccrama/Slide,http://api.github.com,github_repo,,Java,3801,1781,0
Mailpile,pagekite,https://github.com/pagekite/Mailpile.git,http://api.github.com,github_repo,,Python,6265,1787,0
Mailpile,mailpile,https://github.com/mailpile/Mailpile.git,http://api.github.com,github_repo,,Python,6265,1787,0
datacollector,streamsets,https://github.com/streamsets/datacollector,http://api.github.com,github_repo,,Java,9517,1797,0
micronaut-core,micronaut-projects,https://github.com/micronaut-projects/micronaut-core,http://api.github.com,github_repo,,Java,7882,1799,0
logging-log4j2,apache,https://github.com/apache/logging-log4j2,http://api.github.com,github_repo,,Java,10875,1806,0
freeplane,freeplane,https://github.com/freeplane/freeplane,http://api.github.com,github_repo,,Java,11625,1811,0
soot,Sable,https://github.com/Sable/soot,http://api.github.com,github_repo,,Java,5783,1812,0
legacy-jclouds,jclouds,https://github.com/jclouds/legacy-jclouds,http://api.github.com,github_repo,,Java,8048,1834,0
james-project,apache,https://github.com/apache/james-project,http://api.github.com,github_repo,,Java,9185,1838,0
opengrok,oracle,https://github.com/oracle/opengrok,http://api.github.com,github_repo,,Java,5023,1845,0
AxonFramework,AxonFramework,https://github.com/AxonFramework/AxonFramework,http://api.github.com,github_repo,,Java,5804,1862,0
storm,apache,https://github.com/apache/storm.git,http://api.github.com,github_repo,,Java,10192,1873,0
storm,melih-maxitech,https://github.com/melih-maxitech/storm,http://api.github.com,github_repo,,java,10192,1873,0
realm-java,Realm,https://github.com/Realm/realm-java.git,http://api.github.com,github_repo,,Java,8261,1912,0
realm-java,realm,https://github.com/realm/realm-java,http://api.github.com,github_repo,,java,8261,1912,0
pulsar,apache,https://github.com/apache/pulsar,http://api.github.com,github_repo,,Java,4379,1925,0
cat,dianping,https://github.com/dianping/cat,http://api.github.com,github_repo,,Java,7285,2024,0
DependencyCheck,jeremylong,https://github.com/jeremylong/DependencyCheck,http://api.github.com,github_repo,,Java,6454,2026,0
Anki-Android,ankidroid,https://github.com/ankidroid/Anki-Android,http://api.github.com,github_repo,,Java,9337,2028,0
marytts,marytts,https://github.com/marytts/marytts,http://api.github.com,github_repo,,Java,4204,2079,0
janusgraph,JanusGraph,https://github.com/JanusGraph/janusgraph,http://api.github.com,github_repo,,Java,5928,2097,0
adempiere,adempiere,https://github.com/adempiere/adempiere,http://api.github.com,github_repo,,Java,14971,2099,0
aeron,real-logic,https://github.com/real-logic/aeron,http://api.github.com,github_repo,,Java,11679,2104,0
nutz,nutzam,https://github.com/nutzam/nutz,http://api.github.com,github_repo,,Java,6103,2105,0
modeshape,ModeShape,https://github.com/ModeShape/modeshape,http://api.github.com,github_repo,,Java,5081,2151,0
igv,igvteam,https://github.com/igvteam/igv,http://api.github.com,github_repo,,Java,6131,2160,0
jasperreports,TIBCOSoftware,https://github.com/TIBCOSoftware/jasperreports,http://api.github.com,github_repo,,Java,9061,2192,0
litho,facebook,https://github.com/facebook/litho,http://api.github.com,github_repo,,Java,10337,2201,0
mitmproxy,mitmproxy,https://github.com/mitmproxy/mitmproxy.git,http://api.github.com,github_repo,,Python,8290,2217,0
passenger,phusion,https://github.com/phusion/passenger.git,http://api.github.com,github_repo,,C++,8383,2221,0
atmosphere,Atmosphere,https://github.com/Atmosphere/atmosphere,http://api.github.com,github_repo,,Java,5900,2223,0
h2database,h2database,https://github.com/h2database/h2database,http://api.github.com,github_repo,,Java,12221,2237,0
gevent,surfly,https://github.com/surfly/gevent.git,http://api.github.com,github_repo,,Python,5227,2271,0
gevent,gevent,https://github.com/gevent/gevent.git,http://api.github.com,github_repo,,Python,5227,2271,0
gocd,gocd,https://github.com/gocd/gocd,http://api.github.com,github_repo,,Java,11257,2278,0
jackrabbit-oak,apache,https://github.com/apache/jackrabbit-oak,http://api.github.com,github_repo,,Java,16590,2354,0
linphone-android,BelledonneCommunications,https://github.com/BelledonneCommunications/linphone-android,http://api.github.com,github_repo,,Java,6261,2367,0
OpenTripPlanner,opentripplanner,https://github.com/opentripplanner/OpenTripPlanner,http://api.github.com,github_repo,,Java,9558,2388,0
systemml,apache,https://github.com/apache/systemml,http://api.github.com,github_repo,,Java,6039,2404,0
ExoPlayer,google,https://github.com/google/ExoPlayer,http://api.github.com,github_repo,,Java,7804,2410,0
Galacticraft,micdoodle8,https://github.com/micdoodle8/Galacticraft,http://api.github.com,github_repo,,Java,7750,2412,0
mesh,gentics,https://github.com/gentics/mesh,http://api.github.com,github_repo,,Java,5808,2455,0
felix,apache,https://github.com/apache/felix,http://api.github.com,github_repo,,Java,15538,2467,0
Botania,Vazkii,https://github.com/Vazkii/Botania,http://api.github.com,github_repo,,Java,6612,2504,0
tomee,apache,https://github.com/apache/tomee,http://api.github.com,github_repo,,Java,13124,2543,0
Mindustry,Anuken,https://github.com/Anuken/Mindustry,http://api.github.com,github_repo,,Java,6200,2597,0
h-store,apavlo,https://github.com/apavlo/h-store,http://api.github.com,github_repo,,Java,5022,2618,0
atlasdb,palantir,https://github.com/palantir/atlasdb,http://api.github.com,github_repo,,Java,7877,2636,0
kivy,kivy,https://github.com/kivy/kivy.git,http://api.github.com,github_repo,,Python,12044,2668,0
bigbluebutton,bigbluebutton,https://github.com/bigbluebutton/bigbluebutton,http://api.github.com,github_repo,,Java,26388,2775,0
accumulo,apache,https://github.com/apache/accumulo,http://api.github.com,github_repo,,Java,10401,2789,0
BroadleafCommerce,BroadleafCommerce,https://github.com/BroadleafCommerce/BroadleafCommerce,http://api.github.com,github_repo,,Java,16337,2799,0
Launcher3,amirzaidi,https://github.com/amirzaidi/Launcher3,http://api.github.com,github_repo,,Java,17828,2852,0
Lean-Launcher,hundeva,https://github.com/hundeva/Lean-Launcher,http://api.github.com,github_repo,,Java,17938,2857,0
ant,apache,https://github.com/apache/ant,http://api.github.com,github_repo,,Java,14601,2903,0
camunda-bpm-platform,camunda,https://github.com/camunda/camunda-bpm-platform,http://api.github.com,github_repo,,Java,13365,2936,0
nd4j,deeplearning4j,https://github.com/deeplearning4j/nd4j,http://api.github.com,github_repo,,Java,7021,3046,0
batfish,batfish,https://github.com/batfish/batfish,http://api.github.com,github_repo,,Java,9299,3052,0
EnderIO,SleepyTrousers,https://github.com/SleepyTrousers/EnderIO,http://api.github.com,github_repo,,Java,8036,3080,0
languagetool,languagetool-org,https://github.com/languagetool-org/languagetool,http://api.github.com,github_repo,,Java,35884,3119,0
ofbiz,apache,https://github.com/apache/ofbiz,http://api.github.com,github_repo,,Java,24427,3189,0
crate,crate,https://github.com/crate/crate,http://api.github.com,github_repo,,Java,10447,3240,0
bisq,bisq-network,https://github.com/bisq-network/bisq,http://api.github.com,github_repo,,Java,10676,3261,0
netty,netty,https://github.com/netty/netty.git,http://api.github.com,github_repo,,Java,9674,3297,0
usergrid,apache,https://github.com/apache/usergrid,http://api.github.com,github_repo,,Java,10950,3303,0
packages_apps_Settings,SlimRoms,https://github.com/SlimRoms/packages_apps_Settings,http://api.github.com,github_repo,,Java,27994,3305,0
Terasology,MovingBlocks,https://github.com/MovingBlocks/Terasology,http://api.github.com,github_repo,,Java,9723,3325,0
nuxeo,nuxeo,https://github.com/nuxeo/nuxeo,http://api.github.com,github_repo,,Java,50625,3332,0
incubator-pinot,apache,https://github.com/apache/incubator-pinot,http://api.github.com,github_repo,,Java,6704,3408,0
Mekanism,mekanism,https://github.com/mekanism/Mekanism,http://api.github.com,github_repo,,Java,6286,3422,0
curl,bagder,https://github.com/bagder/curl.git,http://api.github.com,github_repo,,C,25121,3450,0
pmd,pmd,https://github.com/pmd/pmd,http://api.github.com,github_repo,,Java,15904,3523,0
cgeo,cgeo,https://github.com/cgeo/cgeo,http://api.github.com,github_repo,,Java,11895,3546,0
checker-framework,typetools,https://github.com/typetools/checker-framework,http://api.github.com,github_repo,,Java,15168,3586,0
lucene-solr,apache,https://github.com/apache/lucene-solr,http://api.github.com,github_repo,,Java,33265,3598,0
spring-integration,spring-projects,https://github.com/spring-projects/spring-integration,http://api.github.com,github_repo,,Java,10050,3670,0
libgdx,libgdx,https://github.com/libgdx/libgdx.git,http://api.github.com,github_repo,,Java,13924,3678,0
Lawnchair,LawnchairLauncher,https://github.com/LawnchairLauncher/Lawnchair,http://api.github.com,github_repo,,Java,21497,3769,0
teammates,TEAMMATES,https://github.com/TEAMMATES/teammates,http://api.github.com,github_repo,,Java,17245,3792,0
NewsBlur,samuelclay,https://github.com/samuelclay/NewsBlur.git,http://api.github.com,github_repo,,Python,12785,3812,0
gwt,gwtproject,https://github.com/gwtproject/gwt,http://api.github.com,github_repo,,Java,9336,3825,0
cxf,apache,https://github.com/apache/cxf,http://api.github.com,github_repo,,Java,15499,3879,0
primefaces,primefaces,https://github.com/primefaces/primefaces,http://api.github.com,github_repo,,Java,10244,3904,0
sentry,getsentry,https://github.com/getsentry/sentry.git,http://api.github.com,github_repo,,Python,28079,3907,0
evosuite,EvoSuite,https://github.com/EvoSuite/evosuite,http://api.github.com,github_repo,,Java,7863,3928,0
swoole,matyhtf,https://github.com/matyhtf/swoole.git,http://api.github.com,github_repo,,C++,11324,3967,0
mage,magefree,https://github.com/magefree/mage,http://api.github.com,github_repo,,Java,29808,4018,0
processing,processing,https://github.com/processing/processing,http://api.github.com,github_repo,,Java,13174,4049,0
structr,structr,https://github.com/structr/structr,http://api.github.com,github_repo,,Java,11631,4141,0
cassandra,apache,https://github.com/apache/cassandra.git,http://api.github.com,github_repo,,Java,24868,4155,0
Catroid,Catrobat,https://github.com/Catrobat/Catroid,http://api.github.com,github_repo,,Java,11678,4168,0
graylog2-server,Graylog2,https://github.com/Graylog2/graylog2-server,http://api.github.com,github_repo,,Java,16231,4294,0
presto,facebook,https://github.com/facebook/presto.git,http://api.github.com,github_repo,,Java,16688,4310,0
rstudio,rstudio,https://github.com/rstudio/rstudio,http://api.github.com,github_repo,,Java,27985,4374,0
youtube-dl,rg3,https://github.com/rg3/youtube-dl.git,http://api.github.com,github_repo,,Python,17524,4609,0
incubator-shardingsphere,apache,https://github.com/apache/incubator-shardingsphere,http://api.github.com,github_repo,,Java,24058,4645,0
onos,opennetworkinglab,https://github.com/opennetworkinglab/onos,http://api.github.com,github_repo,,Java,14701,4718,0
git,git,https://github.com/git/git.git,http://api.github.com,github_repo,,C,58003,4768,0
ambari,apache,https://github.com/apache/ambari,http://api.github.com,github_repo,,Java,24584,4819,0
ipython,ipython,https://github.com/ipython/ipython.git,http://api.github.com,github_repo,,Python,24188,5134,0
jitsi,jitsi,https://github.com/jitsi/jitsi,http://api.github.com,github_repo,,Java,12911,5229,0
opencv,Itseez,https://github.com/Itseez/opencv.git,http://api.github.com,github_repo,,C++,27776,5471,0
numpy,numpy,https://github.com/numpy/numpy.git,http://api.github.com,github_repo,,C,22031,5675,0
autopsy,sleuthkit,https://github.com/sleuthkit/autopsy,http://api.github.com,github_repo,,Java,26568,5773,0
h2o-3,h2oai,https://github.com/h2oai/h2o-3,http://api.github.com,github_repo,,Java,26536,5983,0
voltdb,VoltDB,https://github.com/VoltDB/voltdb,http://api.github.com,github_repo,,Java,27239,6159,0
pandas,pydata,https://github.com/pydata/pandas.git,http://api.github.com,github_repo,,Python,21449,6302,0
opencms-core,alkacon,https://github.com/alkacon/opencms-core,http://api.github.com,github_repo,,Java,23427,6797,0
sakai,sakaiproject,https://github.com/sakaiproject/sakai,http://api.github.com,github_repo,,Java,48685,6979,0
WordPress-Android,wordpress-mobile,https://github.com/wordpress-mobile/WordPress-Android,http://api.github.com,github_repo,,Java,43138,7233,0
fred,freenet,https://github.com/freenet/fred,http://api.github.com,github_repo,,Java,30574,7348,0
Osmand,osmandapp,https://github.com/osmandapp/Osmand,http://api.github.com,github_repo,,Java,60225,8088,0
cloudstack,apache,https://github.com/apache/cloudstack,http://api.github.com,github_repo,,Java,32343,8584,0
spotbugs,spotbugs,https://github.com/spotbugs/spotbugs,http://api.github.com,github_repo,,Java,16169,9233,0
hhvm,facebook,https://github.com/facebook/hhvm.git,http://api.github.com,github_repo,,C++,36353,10636,0
sympy,sympy,https://github.com/sympy/sympy.git,http://api.github.com,github_repo,,Python,40727,10653,0
home-assistant,balloob,https://github.com/balloob/home-assistant.git,http://api.github.com,github_repo,,Python,23569,10750,0
JMRI,JMRI,https://github.com/JMRI/JMRI,http://api.github.com,github_repo,,Java,60381,12933,0
ballerina-lang,ballerina-platform,https://github.com/ballerina-platform/ballerina-lang,http://api.github.com,github_repo,,Java,77998,15827,0
elasticsearch,elastic,https://github.com/elastic/elasticsearch.git,http://api.github.com,github_repo,,Java,49815,15949,0
elasticsearch,elasticsearch,https://github.com/elasticsearch/elasticsearch.git,http://api.github.com,github_repo,,Java,49815,15949,0
odoo,odoo,https://github.com/odoo/odoo.git,http://api.github.com,github_repo,,Python,132100,31209,0